timestamp,aqi_category,co,no,no2,o3,so2,pm2_5,pm10,nh3,temperature,dew_point,relative_humidity,precipitation,snow,wind_direction,wind_speed,wpgt,pressure,tsun,coco,hour,day,month,day_of_week,is_weekend,hour_sin,hour_cos,day_sin,day_cos,month_sin,month_cos,day_of_week_sin,day_of_week_cos,is_morning,is_afternoon,is_evening,is_night,is_spring,is_summer,is_autumn,is_winter,aqi_category_lag_1h,aqi_category_lag_2h,aqi_category_lag_3h,aqi_category_lag_6h,aqi_category_lag_12h,pm2_5_lag_1h,pm2_5_lag_2h,pm2_5_lag_3h,pm2_5_lag_6h,pm2_5_lag_12h,pm10_lag_1h,pm10_lag_2h,pm10_lag_3h,pm10_lag_6h,pm10_lag_12h,co_lag_1h,co_lag_2h,co_lag_3h,co_lag_6h,co_lag_12h,no2_lag_1h,no2_lag_2h,no2_lag_3h,no2_lag_6h,no2_lag_12h,o3_lag_1h,o3_lag_2h,o3_lag_3h,o3_lag_6h,o3_lag_12h,temperature_lag_1h,temperature_lag_2h,temperature_lag_3h,temperature_lag_6h,temperature_lag_12h,relative_humidity_lag_1h,relative_humidity_lag_2h,relative_humidity_lag_3h,relative_humidity_lag_6h,relative_humidity_lag_12h,aqi_category_diff_1h,aqi_category_diff_3h,aqi_category_diff_6h,pm2_5_diff_1h,pm2_5_diff_3h,pm2_5_diff_6h,pm10_diff_1h,pm10_diff_3h,pm10_diff_6h,aqi_category_rolling_mean_3h,aqi_category_rolling_std_3h,aqi_category_rolling_min_3h,aqi_category_rolling_max_3h,aqi_category_rolling_25p_3h,aqi_category_rolling_75p_3h,aqi_category_rolling_mean_6h,aqi_category_rolling_std_6h,aqi_category_rolling_min_6h,aqi_category_rolling_max_6h,aqi_category_rolling_25p_6h,aqi_category_rolling_75p_6h,aqi_category_rolling_mean_12h,aqi_category_rolling_std_12h,aqi_category_rolling_min_12h,aqi_category_rolling_max_12h,aqi_category_rolling_25p_12h,aqi_category_rolling_75p_12h,pm2_5_rolling_mean_3h,pm2_5_rolling_std_3h,pm2_5_rolling_min_3h,pm2_5_rolling_max_3h,pm2_5_rolling_25p_3h,pm2_5_rolling_75p_3h,pm2_5_rolling_mean_6h,pm2_5_rolling_std_6h,pm2_5_rolling_min_6h,pm2_5_rolling_max_6h,pm2_5_rolling_25p_6h,pm2_5_rolling_75p_6h,pm2_5_rolling_mean_12h,pm2_5_rolling_std_12h,pm2_5_rolling_min_12h,pm2_5_rolling_max_12h,pm2_5_rolling_25p_12h,pm2_5_rolling_75p_12h,pm10_rolling_mean_3h,pm10_rolling_std_3h,pm10_rolling_min_3h,pm10_rolling_max_3h,pm10_rolling_25p_3h,pm10_rolling_75p_3h,pm10_rolling_mean_6h,pm10_rolling_std_6h,pm10_rolling_min_6h,pm10_rolling_max_6h,pm10_rolling_25p_6h,pm10_rolling_75p_6h,pm10_rolling_mean_12h,pm10_rolling_std_12h,pm10_rolling_min_12h,pm10_rolling_max_12h,pm10_rolling_25p_12h,pm10_rolling_75p_12h,co_rolling_mean_3h,co_rolling_std_3h,co_rolling_min_3h,co_rolling_max_3h,co_rolling_25p_3h,co_rolling_75p_3h,co_rolling_mean_6h,co_rolling_std_6h,co_rolling_min_6h,co_rolling_max_6h,co_rolling_25p_6h,co_rolling_75p_6h,co_rolling_mean_12h,co_rolling_std_12h,co_rolling_min_12h,co_rolling_max_12h,co_rolling_25p_12h,co_rolling_75p_12h,no2_rolling_mean_3h,no2_rolling_std_3h,no2_rolling_min_3h,no2_rolling_max_3h,no2_rolling_25p_3h,no2_rolling_75p_3h,no2_rolling_mean_6h,no2_rolling_std_6h,no2_rolling_min_6h,no2_rolling_max_6h,no2_rolling_25p_6h,no2_rolling_75p_6h,no2_rolling_mean_12h,no2_rolling_std_12h,no2_rolling_min_12h,no2_rolling_max_12h,no2_rolling_25p_12h,no2_rolling_75p_12h,o3_rolling_mean_3h,o3_rolling_std_3h,o3_rolling_min_3h,o3_rolling_max_3h,o3_rolling_25p_3h,o3_rolling_75p_3h,o3_rolling_mean_6h,o3_rolling_std_6h,o3_rolling_min_6h,o3_rolling_max_6h,o3_rolling_25p_6h,o3_rolling_75p_6h,o3_rolling_mean_12h,o3_rolling_std_12h,o3_rolling_min_12h,o3_rolling_max_12h,o3_rolling_25p_12h,o3_rolling_75p_12h,temperature_rolling_mean_3h,temperature_rolling_std_3h,temperature_rolling_min_3h,temperature_rolling_max_3h,temperature_rolling_25p_3h,temperature_rolling_75p_3h,temperature_rolling_mean_6h,temperature_rolling_std_6h,temperature_rolling_min_6h,temperature_rolling_max_6h,temperature_rolling_25p_6h,temperature_rolling_75p_6h,temperature_rolling_mean_12h,temperature_rolling_std_12h,temperature_rolling_min_12h,temperature_rolling_max_12h,temperature_rolling_25p_12h,temperature_rolling_75p_12h,relative_humidity_rolling_mean_3h,relative_humidity_rolling_std_3h,relative_humidity_rolling_min_3h,relative_humidity_rolling_max_3h,relative_humidity_rolling_25p_3h,relative_humidity_rolling_75p_3h,relative_humidity_rolling_mean_6h,relative_humidity_rolling_std_6h,relative_humidity_rolling_min_6h,relative_humidity_rolling_max_6h,relative_humidity_rolling_25p_6h,relative_humidity_rolling_75p_6h,relative_humidity_rolling_mean_12h,relative_humidity_rolling_std_12h,relative_humidity_rolling_min_12h,relative_humidity_rolling_max_12h,relative_humidity_rolling_25p_12h,relative_humidity_rolling_75p_12h,wind_speed_rolling_mean_3h,wind_speed_rolling_std_3h,wind_speed_rolling_min_3h,wind_speed_rolling_max_3h,wind_speed_rolling_25p_3h,wind_speed_rolling_75p_3h,wind_speed_rolling_mean_6h,wind_speed_rolling_std_6h,wind_speed_rolling_min_6h,wind_speed_rolling_max_6h,wind_speed_rolling_25p_6h,wind_speed_rolling_75p_6h,wind_speed_rolling_mean_12h,wind_speed_rolling_std_12h,wind_speed_rolling_min_12h,wind_speed_rolling_max_12h,wind_speed_rolling_25p_12h,wind_speed_rolling_75p_12h,temp_humidity_interaction,temp_humidity_ratio,pm2_5_pm10_ratio,pm2_5_pm10_sum,temp_pm2_5_interaction,wind_pm2_5_interaction,aqi_temp_interaction,aqi_humidity_interaction,pm2_5_pm10_diff,heat_index,comfort_index,pollution_index,wind_chill
2025-08-12 03:00:00,4,517.65,2.59,14.76,28.47,1.53,64.45,148.06,7.2,29.6,25.4,78.0,0.0,,141.0,5.0,,1000.4,,2.0,3,12,8,1,0,0.7071067811865476,0.7071067811865476,0.6513724827222223,-0.758758122692791,-0.8660254037844385,-0.5000000000000004,0.7818314824680298,0.6234898018587336,0,0,0,1,0,1,0,0,,,,,,,,,,,,,,,,,,,,,,,,,,,,,,,,,,,,,,,,,,,,,,,,,,4.0,,4.0,4.0,4.0,4.0,4.0,,4.0,4.0,4.0,4.0,4.0,,4.0,4.0,4.0,4.0,64.45,,64.45,64.45,64.45,64.45,64.45,,64.45,64.45,64.45,64.45,64.45,,64.45,64.45,64.45,64.45,148.06,,148.06,148.06,148.06,148.06,148.06,,148.06,148.06,148.06,148.06,148.06,,148.06,148.06,148.06,148.06,517.65,,517.65,517.65,517.65,517.65,517.65,,517.65,517.65,517.65,517.65,517.65,,517.65,517.65,517.65,517.65,14.76,,14.76,14.76,14.76,14.76,14.76,,14.76,14.76,14.76,14.76,14.76,,14.76,14.76,14.76,14.76,28.47,,28.47,28.47,28.47,28.47,28.47,,28.47,28.47,28.47,28.47,28.47,,28.47,28.47,28.47,28.47,29.6,,29.6,29.6,29.6,29.6,29.6,,29.6,29.6,29.6,29.6,29.6,,29.6,29.6,29.6,29.6,78.0,,78.0,78.0,78.0,78.0,78.0,,78.0,78.0,78.0,78.0,78.0,,78.0,78.0,78.0,78.0,5.0,,5.0,5.0,5.0,5.0,5.0,,5.0,5.0,5.0,5.0,5.0,,5.0,5.0,5.0,5.0,2308.8,0.37948717943852733,0.4352965013889439,212.51,1907.7200000000003,322.25,118.4,312.0,-83.61,25.926,52.544,140.6025,31.99041345093358
2025-08-12 04:00:00,4,292.74,0.69,4.71,74.35,4.37,56.2,155.16,2.18,30.7,25.3,73.0,0.0,,129.0,3.2,,1000.7,,2.0,4,12,8,1,0,0.8660254037844386,0.5000000000000001,0.6513724827222223,-0.758758122692791,-0.8660254037844385,-0.5000000000000004,0.7818314824680298,0.6234898018587336,0,0,0,1,0,1,0,0,4.0,,,,,64.45,,,,,148.06,,,,,517.65,,,,,14.76,,,,,28.47,,,,,29.6,,,,,78.0,,,,,0.0,,,-8.25,,,7.099999999999994,,,4.0,0.0,4.0,4.0,4.0,4.0,4.0,0.0,4.0,4.0,4.0,4.0,4.0,0.0,4.0,4.0,4.0,4.0,60.325,5.833630944789017,56.2,64.45,58.2625,62.3875,60.325,5.833630944789017,56.2,64.45,58.2625,62.3875,60.325,5.833630944789017,56.2,64.45,58.2625,62.3875,151.61,5.020458146424473,148.06,155.16,149.835,153.385,151.61,5.020458146424473,148.06,155.16,149.835,153.385,151.61,5.020458146424473,148.06,155.16,149.835,153.385,405.195,159.0353861566664,292.74,517.65,348.9675,461.4225,405.195,159.0353861566664,292.74,517.65,348.9675,461.4225,405.195,159.0353861566664,292.74,517.65,348.9675,461.4225,9.735,7.106423150924803,4.71,14.76,7.2225,12.2475,9.735,7.106423150924803,4.71,14.76,7.2225,12.2475,9.735,7.106423150924803,4.71,14.76,7.2225,12.2475,51.41,32.4420591208388,28.47,74.35,39.94,62.879999999999995,51.41,32.4420591208388,28.47,74.35,39.94,62.879999999999995,51.41,32.4420591208388,28.47,74.35,39.94,62.879999999999995,30.15,0.7778174593052021,29.6,30.7,29.875,30.425,30.15,0.7778174593052021,29.6,30.7,29.875,30.425,30.15,0.7778174593052021,29.6,30.7,29.875,30.425,75.5,3.5355339059327378,73.0,78.0,74.25,76.75,75.5,3.5355339059327378,73.0,78.0,74.25,76.75,75.5,3.5355339059327378,73.0,78.0,74.25,76.75,4.1,1.272792206135785,3.2,5.0,3.6500000000000004,4.55,4.1,1.272792206135785,3.2,5.0,3.6500000000000004,4.55,4.1,1.272792206135785,3.2,5.0,3.6500000000000004,4.55,2241.1,0.4205479451478702,0.36220675429477917,211.36,1725.3400000000001,179.84000000000003,122.8,292.0,-98.96,26.901000000000003,53.163999999999994,94.04249999999999,33.16675974289404
2025-08-12 05:00:00,4,246.42,0.37,2.45,92.36,4.77,57.05,154.62,1.05,31.7,25.8,71.0,0.0,,106.0,5.0,,1000.5,,2.0,5,12,8,1,0,0.9659258262890683,0.25881904510252074,0.6513724827222223,-0.758758122692791,-0.8660254037844385,-0.5000000000000004,0.7818314824680298,0.6234898018587336,0,0,0,1,0,1,0,0,4.0,4.0,,,,56.2,64.45,,,,155.16,148.06,,,,292.74,517.65,,,,4.71,14.76,,,,74.35,28.47,,,,30.7,29.6,,,,73.0,78.0,,,,0.0,,,0.8499999999999943,,,-0.539999999999992,,,4.0,0.0,4.0,4.0,4.0,4.0,4.0,0.0,4.0,4.0,4.0,4.0,4.0,0.0,4.0,4.0,4.0,4.0,59.23333333333333,4.537712345811857,56.2,64.45,56.625,60.75,59.23333333333333,4.537712345811857,56.2,64.45,56.625,60.75,59.23333333333333,4.537712345811857,56.2,64.45,56.625,60.75,152.61333333333334,3.9525350514996376,148.06,155.16,151.34,154.89,152.61333333333334,3.9525350514996376,148.06,155.16,151.34,154.89,152.61333333333334,3.9525350514996376,148.06,155.16,151.34,154.89,352.27,145.0837478837654,246.42,517.65,269.58,405.195,352.27,145.0837478837654,246.42,517.65,269.58,405.195,352.27,145.0837478837654,246.42,517.65,269.58,405.195,7.3066666666666675,6.552940815644021,2.45,14.76,3.58,9.735,7.3066666666666675,6.552940815644021,2.45,14.76,3.58,9.735,7.3066666666666675,6.552940815644021,2.45,14.76,3.58,9.735,65.06,32.94254240340293,28.47,92.36,51.41,83.35499999999999,65.06,32.94254240340293,28.47,92.36,51.41,83.35499999999999,65.06,32.94254240340293,28.47,92.36,51.41,83.35499999999999,30.666666666666668,1.0503967504392495,29.6,31.7,30.15,31.2,30.666666666666668,1.0503967504392495,29.6,31.7,30.15,31.2,30.666666666666668,1.0503967504392495,29.6,31.7,30.15,31.2,74.0,3.605551275463989,71.0,78.0,72.0,75.5,74.0,3.605551275463989,71.0,78.0,72.0,75.5,74.0,3.605551275463989,71.0,78.0,72.0,75.5,4.3999999999999995,1.0392304845413263,3.2,5.0,4.1,5.0,4.3999999999999995,1.0392304845413263,3.2,5.0,4.1,5.0,4.3999999999999995,1.0392304845413263,3.2,5.0,4.1,5.0,2250.7,0.4464788731765523,0.3689690854760723,211.67000000000002,1808.485,285.25,126.8,284.0,-97.57000000000001,27.907000000000004,52.208,86.49999999999999,34.37276678040912
2025-08-12 06:00:00,4,224.91,0.22,1.52,103.93,4.42,60.83,157.16,0.6,32.7,26.3,69.0,0.0,,110.0,5.8,,999.9,,1.0,6,12,8,1,0,1.0,6.123233995736766e-17,0.6513724827222223,-0.758758122692791,-0.8660254037844385,-0.5000000000000004,0.7818314824680298,0.6234898018587336,1,0,0,0,0,1,0,0,4.0,4.0,4.0,,,57.05,56.2,64.45,,,154.62,155.16,148.06,,,246.42,292.74,517.65,,,2.45,4.71,14.76,,,92.36,74.35,28.47,,,31.7,30.7,29.6,,,71.0,73.0,78.0,,,0.0,0.0,,3.780000000000001,-3.6200000000000045,,2.539999999999992,9.099999999999994,,4.0,0.0,4.0,4.0,4.0,4.0,4.0,0.0,4.0,4.0,4.0,4.0,4.0,0.0,4.0,4.0,4.0,4.0,58.026666666666664,2.4646771255751396,56.2,60.83,56.625,58.94,59.6325,3.7900604656566284,56.2,64.45,56.8375,61.735,59.6325,3.7900604656566284,56.2,64.45,56.8375,61.735,155.64666666666668,1.338108117206214,154.62,157.16,154.89,156.16,153.75,3.9475393179380225,148.06,157.16,152.98000000000002,155.66,153.75,3.9475393179380225,148.06,157.16,152.98000000000002,155.66,254.68999999999997,34.66297592532986,224.91,292.74,235.665,269.58,320.43,134.49165401615076,224.91,517.65,241.0425,348.9675,320.43,134.49165401615076,224.91,517.65,241.0425,348.9675,2.893333333333333,1.640558847872679,1.52,4.71,1.985,3.58,5.86,6.082658410048466,1.52,14.76,2.2175000000000002,7.2225,5.86,6.082658410048466,1.52,14.76,2.2175000000000002,7.2225,90.21333333333332,14.90638230199847,74.35,103.93,83.35499999999999,98.14500000000001,74.7775,33.18423257612969,28.47,103.93,62.879999999999995,95.2525,74.7775,33.18423257612969,28.47,103.93,62.879999999999995,95.2525,31.7,1.0000000000000069,30.7,32.7,31.2,32.2,31.175,1.3301002468485879,29.6,32.7,30.425,31.95,31.175,1.3301002468485879,29.6,32.7,30.425,31.95,71.0,2.0,69.0,73.0,70.0,72.0,72.75,3.8622100754188224,69.0,78.0,70.5,74.25,72.75,3.8622100754188224,69.0,78.0,70.5,74.25,4.666666666666667,1.3316656236958784,3.2,5.8,4.1,5.4,4.75,1.0999999999999999,3.2,5.8,4.55,5.2,4.75,1.0999999999999999,3.2,5.8,4.55,5.2,2256.3,0.4739130434095779,0.38705777549077003,217.99,1989.141,352.81399999999996,130.8,276.0,-96.33,28.913000000000004,51.952,83.69500000000001,35.556825682136875
2025-08-12 07:00:00,4,189.99,0.12,0.94,105.64,3.44,57.87,153.33,0.03,33.5,26.5,67.0,0.0,,84.0,8.3,,999.2,,1.0,7,12,8,1,0,0.9659258262890683,-0.25881904510252063,0.6513724827222223,-0.758758122692791,-0.8660254037844385,-0.5000000000000004,0.7818314824680298,0.6234898018587336,1,0,0,0,0,1,0,0,4.0,4.0,4.0,,,60.83,57.05,56.2,,,157.16,154.62,155.16,,,224.91,246.42,292.74,,,1.52,2.45,4.71,,,103.93,92.36,74.35,,,32.7,31.7,30.7,,,69.0,71.0,73.0,,,0.0,0.0,,-2.960000000000001,1.6699999999999946,,-3.829999999999984,-1.829999999999984,,4.0,0.0,4.0,4.0,4.0,4.0,4.0,0.0,4.0,4.0,4.0,4.0,4.0,0.0,4.0,4.0,4.0,4.0,58.583333333333336,1.9883996915442692,57.05,60.83,57.459999999999994,59.349999999999994,59.279999999999994,3.375603649719559,56.2,64.45,57.05,60.83,59.279999999999994,3.375603649719559,56.2,64.45,57.05,60.83,155.03666666666666,1.948700421648532,153.33,157.16,153.97500000000002,155.89,153.666,3.423825346012839,148.06,157.16,153.33,155.16,153.666,3.423825346012839,148.06,157.16,153.33,155.16,220.43999999999997,28.47932407905771,189.99,246.42,207.45,235.665,294.342,130.26481670044294,189.99,517.65,224.91,292.74,294.342,130.26481670044294,189.99,517.65,224.91,292.74,1.6366666666666667,0.7617304860207005,0.94,2.45,1.23,1.985,4.8759999999999994,5.70879409332654,0.94,14.76,1.52,4.71,4.8759999999999994,5.70879409332654,0.94,14.76,1.52,4.71,100.64333333333333,7.224350028433901,92.36,105.64,98.14500000000001,104.785,80.95,31.880930820790038,28.47,105.64,74.35,103.93,80.95,31.880930820790038,28.47,105.64,74.35,103.93,32.63333333333333,0.9018499505645851,31.7,33.5,32.2,33.1,31.639999999999997,1.5517731793016685,29.6,33.5,30.7,32.7,31.639999999999997,1.5517731793016685,29.6,33.5,30.7,32.7,69.0,2.0,67.0,71.0,68.0,70.0,71.6,4.219004621945796,67.0,78.0,69.0,73.0,71.6,4.219004621945796,67.0,78.0,69.0,73.0,6.366666666666667,1.7214335111567158,5.0,8.3,5.4,7.050000000000001,5.46,1.851485889765299,3.2,8.3,5.0,5.8,5.46,1.851485889765299,3.2,8.3,5.0,5.8,2244.5,0.4999999999253732,0.37742124826339124,211.20000000000002,1938.645,480.321,134.0,268.0,-95.46000000000001,29.699,50.306,75.0025,36.623806265168014
2025-08-12 08:00:00,4,174.8,0.08,0.91,101.96,2.92,54.03,146.28,0.0,34.3,26.5,64.0,0.0,,59.0,9.0,,998.4,,1.0,8,12,8,1,0,0.8660254037844387,-0.4999999999999998,0.6513724827222223,-0.758758122692791,-0.8660254037844385,-0.5000000000000004,0.7818314824680298,0.6234898018587336,1,0,0,0,0,1,0,0,4.0,4.0,4.0,,,57.87,60.83,57.05,,,153.33,157.16,154.62,,,189.99,224.91,246.42,,,0.94,1.52,2.45,,,105.64,103.93,92.36,,,33.5,32.7,31.7,,,67.0,69.0,71.0,,,0.0,0.0,,-3.8399999999999963,-3.019999999999996,,-7.050000000000011,-8.340000000000003,,4.0,0.0,4.0,4.0,4.0,4.0,4.0,0.0,4.0,4.0,4.0,4.0,4.0,0.0,4.0,4.0,4.0,4.0,57.57666666666666,3.4094769882392986,54.03,60.83,55.95,59.349999999999994,58.405,3.7026355478226596,54.03,64.45,56.4125,60.089999999999996,58.405,3.7026355478226596,54.03,64.45,56.4125,60.089999999999996,152.25666666666666,5.518843477879523,146.28,157.16,149.805,155.245,152.435,4.297700547967477,146.28,157.16,149.3775,155.025,152.435,4.297700547967477,146.28,157.16,149.3775,155.025,196.5666666666667,25.694210113045497,174.8,224.91,182.395,207.45,274.41833333333335,126.32043752563028,174.8,517.65,198.72,281.16,274.41833333333335,126.32043752563028,174.8,517.65,198.72,281.16,1.1233333333333333,0.34385074281340844,0.91,1.52,0.925,1.23,4.215,5.356658473339513,0.91,14.76,1.085,4.145,4.215,5.356658473339513,0.91,14.76,1.085,4.145,103.84333333333332,1.8415301608534074,101.96,105.64,102.945,104.785,84.45166666666667,29.777256701493954,28.47,105.64,78.85249999999999,103.4375,84.45166666666667,29.777256701493954,28.47,105.64,78.85249999999999,103.4375,33.5,0.8000000000000042,32.7,34.3,33.1,33.9,32.083333333333336,1.7622901766356964,29.6,34.3,30.95,33.3,32.083333333333336,1.7622901766356964,29.6,34.3,30.95,33.3,66.66666666666667,2.516611478423585,64.0,69.0,65.5,68.0,70.33333333333333,4.885352256149668,64.0,78.0,67.5,72.5,70.33333333333333,4.885352256149668,64.0,78.0,67.5,72.5,7.7,1.6822603841260746,5.8,9.0,7.050000000000001,8.65,6.05,2.197953593686637,3.2,9.0,5.0,7.675000000000001,6.05,2.197953593686637,3.2,9.0,5.0,7.675000000000001,2195.2,0.5359374999162597,0.36936013122987693,200.31,1853.2289999999998,486.27,137.2,256.0,-92.25,30.437999999999995,49.571999999999996,70.14750000000001,37.60682718212382
2025-08-12 09:00:00,4,171.31,0.04,1.14,98.52,2.79,50.14,136.79,0.0,35.3,26.1,59.0,0.0,,41.0,9.0,,997.3,,3.0,9,12,8,1,0,0.7071067811865476,-0.7071067811865475,0.6513724827222223,-0.758758122692791,-0.8660254037844385,-0.5000000000000004,0.7818314824680298,0.6234898018587336,1,0,0,0,0,1,0,0,4.0,4.0,4.0,4.0,,54.03,57.87,60.83,64.45,,146.28,153.33,157.16,148.06,,174.8,189.99,224.91,517.65,,0.91,0.94,1.52,14.76,,101.96,105.64,103.93,28.47,,34.3,33.5,32.7,29.6,,64.0,67.0,69.0,78.0,,0.0,0.0,0.0,-3.8900000000000006,-10.689999999999998,-14.310000000000002,-9.490000000000009,-20.370000000000005,-11.27000000000001,4.0,0.0,4.0,4.0,4.0,4.0,4.0,0.0,4.0,4.0,4.0,4.0,4.0,0.0,4.0,4.0,4.0,4.0,54.01333333333333,3.865026951178123,50.14,57.87,52.085,55.95,56.02,3.638307298731099,50.14,60.83,54.572500000000005,57.665,57.22428571428571,4.602520530980306,50.14,64.45,55.115,59.349999999999994,145.46666666666667,8.299941766864029,136.79,153.33,141.535,149.805,150.55666666666664,7.704644486714924,136.79,157.16,148.04250000000002,155.025,150.20000000000002,7.096367615430679,136.79,157.16,147.17000000000002,154.89,178.70000000000002,9.931923277995846,171.31,189.99,173.055,182.395,216.69500000000002,47.4595620502338,171.31,292.74,178.59750000000003,241.0425,259.68857142857144,121.72156196672405,171.31,517.65,182.395,269.58,0.9966666666666666,0.12503332889007154,0.91,1.14,0.925,1.04,1.945,1.470384303507078,0.91,4.71,0.99,2.2175000000000002,3.775714285714286,5.0261610835801145,0.91,14.76,1.04,3.58,102.04,3.5606740934827914,98.52,105.64,100.24,103.8,96.12666666666667,11.658150224914188,74.35,105.64,93.9,103.4375,86.46142857142857,27.6979815320969,28.47,105.64,83.35499999999999,102.945,34.36666666666667,0.9018499505645827,33.5,35.3,33.9,34.8,33.03333333333333,1.6907591983090582,30.7,35.3,31.95,34.099999999999994,32.542857142857144,2.0164797237241157,29.6,35.3,31.2,33.9,63.333333333333336,4.041451884327383,59.0,67.0,61.5,65.5,67.16666666666667,5.076087732365015,59.0,73.0,64.75,70.5,68.71428571428571,6.18369592057171,59.0,78.0,65.5,72.0,8.766666666666667,0.4041451884327506,8.3,9.0,8.65,9.0,6.716666666666666,2.411983968990397,3.2,9.0,5.2,8.825,6.471428571428571,2.2954406154478533,3.2,9.0,5.0,8.65,2082.7,0.5983050846443551,0.36654726219997463,186.93,1769.9419999999998,451.26,141.2,236.0,-86.64999999999999,31.302999999999997,48.831999999999994,68.44,38.791863607923545
2025-08-12 10:00:00,4,171.14,0.0,1.36,96.14,2.8,47.05,129.55,0.08,36.4,25.9,55.0,0.0,,57.0,10.4,,996.3,,2.0,10,12,8,1,0,0.49999999999999994,-0.8660254037844387,0.6513724827222223,-0.758758122692791,-0.8660254037844385,-0.5000000000000004,0.7818314824680298,0.6234898018587336,1,0,0,0,0,1,0,0,4.0,4.0,4.0,4.0,,50.14,54.03,57.87,56.2,,136.79,146.28,153.33,155.16,,171.31,174.8,189.99,292.74,,1.14,0.91,0.94,4.71,,98.52,101.96,105.64,74.35,,35.3,34.3,33.5,30.7,,59.0,64.0,67.0,73.0,,0.0,0.0,0.0,-3.0900000000000034,-10.82,-9.150000000000006,-7.239999999999981,-23.78,-25.609999999999985,4.0,0.0,4.0,4.0,4.0,4.0,4.0,0.0,4.0,4.0,4.0,4.0,4.0,0.0,4.0,4.0,4.0,4.0,50.406666666666666,3.49763253263307,47.05,54.03,48.595,52.085,54.495,5.150944573570946,47.05,60.83,51.1125,57.665,55.9525,5.576426787315128,47.05,64.45,53.057500000000005,58.61,137.54,8.390178782362202,129.55,146.28,133.17000000000002,141.535,146.28833333333333,11.02347570717451,129.55,157.16,139.1625,154.2975,147.61875,9.821770916111372,129.55,157.16,143.9075,154.755,172.41666666666666,2.0657766900923127,171.14,174.8,171.225,173.055,196.4283333333333,31.906236015341218,171.14,246.42,172.1825,216.18,248.62,116.96005129957832,171.14,517.65,173.9275,258.0,1.1366666666666667,0.22501851775650092,0.91,1.36,1.025,1.25,1.3866666666666667,0.5721421734732217,0.91,2.45,0.99,1.48,3.47375,4.731052246291818,0.91,14.76,1.0899999999999999,3.015,98.87333333333333,2.926043973239787,96.14,101.96,97.33,100.24,99.75833333333333,5.0240478368210875,92.36,105.64,96.735,103.4375,87.67125,25.870652119176057,28.47,105.64,87.8575,102.4525,35.33333333333333,1.0503967504392542,34.3,36.4,34.8,35.849999999999994,33.98333333333333,1.7186234801918403,31.7,36.4,32.900000000000006,35.05,33.025,2.311925604339381,29.6,36.4,31.45,34.55,59.333333333333336,4.509249752822899,55.0,64.0,57.0,61.5,64.16666666666667,6.1454590281496895,55.0,71.0,60.25,68.5,67.0,7.50238057457193,55.0,78.0,62.75,71.5,9.466666666666667,0.8082903768654845,9.0,10.4,9.0,9.7,7.916666666666667,2.080785108238395,5.0,10.4,6.425,9.0,6.9625,2.538805962314906,3.2,10.4,5.0,9.0,2002.0,0.6618181816978512,0.3631802392618154,176.60000000000002,1712.62,489.32,145.6,220.0,-82.50000000000001,32.325,47.55999999999999,67.86,40.19727077189399
2025-08-12 11:00:00,4,170.88,0.0,1.59,94.4,3.02,46.46,128.59,0.24,36.7,25.2,52.0,0.0,,96.0,11.5,,995.6,,3.0,11,12,8,1,0,0.258819045102521,-0.9659258262890682,0.6513724827222223,-0.758758122692791,-0.8660254037844385,-0.5000000000000004,0.7818314824680298,0.6234898018587336,1,0,0,0,0,1,0,0,4.0,4.0,4.0,4.0,,47.05,50.14,54.03,57.05,,129.55,136.79,146.28,154.62,,171.14,171.31,174.8,246.42,,1.36,1.14,0.91,2.45,,96.14,98.52,101.96,92.36,,36.4,35.3,34.3,31.7,,55.0,59.0,64.0,71.0,,0.0,0.0,0.0,-0.5899999999999963,-7.57,-10.589999999999996,-0.960000000000008,-17.689999999999998,-26.03,4.0,0.0,4.0,4.0,4.0,4.0,4.0,0.0,4.0,4.0,4.0,4.0,4.0,0.0,4.0,4.0,4.0,4.0,47.883333333333326,1.9764699171333595,46.46,50.14,46.754999999999995,48.595,52.73,5.865202468798496,46.46,60.83,47.8225,56.91,54.897777777777776,6.100935948233226,46.46,64.45,50.14,57.87,131.64333333333335,4.482915717848647,128.59,136.79,129.07,133.17000000000002,141.95000000000002,12.152963424613757,128.59,157.16,131.36,151.5675,145.50444444444443,11.164290294406426,128.59,157.16,136.79,154.62,171.10999999999999,0.21656407826627702,170.88,171.31,171.01,171.225,183.83833333333334,21.41280683765339,170.88,224.91,171.1825,186.1925,239.98222222222225,112.43308118362869,170.88,517.65,171.31,246.42,1.3633333333333333,0.2250185177565005,1.14,1.59,1.25,1.475,1.2433333333333334,0.2912501788268327,0.91,1.59,0.99,1.48,3.2644444444444445,4.469818539692386,0.91,14.76,1.14,2.45,96.35333333333334,2.0682681966642846,94.4,98.52,95.27000000000001,97.33,100.09833333333334,4.46067446320247,94.4,105.64,96.735,103.4375,88.41888888888889,24.30349740492325,28.47,105.64,92.36,101.96,36.13333333333333,0.7371114795832115,35.3,36.7,35.849999999999994,36.55,34.81666666666667,1.5980196077228654,32.7,36.7,33.7,36.125,33.43333333333333,2.485457704327318,29.6,36.7,31.7,35.3,55.333333333333336,3.5118845842842537,52.0,59.0,53.5,57.0,61.0,6.782329983125253,52.0,69.0,56.0,66.25,65.33333333333333,8.616843969807041,52.0,78.0,59.0,71.0,10.299999999999999,1.2529964086141736,9.0,11.5,9.7,10.95,9.0,1.9462785001124585,5.8,11.5,8.475000000000001,10.05,7.466666666666667,2.8155816450602176,3.2,11.5,5.0,9.0,1908.4,0.7057692306335059,0.36130336726329393,175.05,1705.082,534.29,146.8,208.0,-82.13,32.514,46.04600000000001,67.4725,40.6317839217607
2025-08-12 12:00:00,4,170.14,0.01,1.85,93.69,3.39,47.58,131.75,0.38,36.3,25.2,53.0,0.0,,90.0,10.1,,995.3,,3.0,12,12,8,1,0,1.2246467991473532e-16,-1.0,0.6513724827222223,-0.758758122692791,-0.8660254037844385,-0.5000000000000004,0.7818314824680298,0.6234898018587336,0,1,0,0,0,1,0,0,4.0,4.0,4.0,4.0,,46.46,47.05,50.14,60.83,,128.59,129.55,136.79,157.16,,170.88,171.14,171.31,224.91,,1.59,1.36,1.14,1.52,,94.4,96.14,98.52,103.93,,36.7,36.4,35.3,32.7,,52.0,55.0,59.0,69.0,,0.0,0.0,0.0,1.1199999999999974,-2.5600000000000023,-13.25,3.1599999999999966,-5.039999999999992,-25.409999999999997,4.0,0.0,4.0,4.0,4.0,4.0,4.0,0.0,4.0,4.0,4.0,4.0,4.0,0.0,4.0,4.0,4.0,4.0,47.03,0.5602677931130723,46.46,47.58,46.754999999999995,47.315,50.52166666666667,4.553132621247336,46.46,57.87,47.1825,53.057500000000005,54.166,6.20005591372637,46.46,64.45,48.22,57.665,129.96333333333334,1.6200411517410853,128.59,131.75,129.07,130.65,137.715,10.035508457472378,128.59,153.33,130.10000000000002,143.9075,144.129,11.389065369906335,128.59,157.16,133.01,154.2975,170.72,0.5188448708384089,170.14,171.14,170.51,171.01,174.71,7.659571789596866,170.14,189.99,170.945,173.9275,232.998,108.27933236669762,170.14,517.65,171.1825,241.0425,1.6000000000000003,0.2451530134426231,1.36,1.85,1.475,1.7200000000000002,1.2983333333333331,0.3734925255833938,0.91,1.85,0.99,1.5325000000000002,3.123,4.2378559830807525,0.91,14.76,1.1949999999999998,2.3000000000000003,94.74333333333334,1.260568654747918,93.69,96.14,94.045,95.27000000000001,98.39166666666667,4.6561117540998325,93.69,105.64,94.83500000000001,101.1,88.946,22.974106293825663,28.47,105.64,92.6925,101.1,36.46666666666666,0.2081665999466522,36.3,36.7,36.349999999999994,36.55,35.416666666666664,1.290607092289035,33.5,36.7,34.55,36.375,33.72,2.512546295869772,29.6,36.7,31.95,36.05,53.333333333333336,1.527525231651966,52.0,55.0,52.5,54.0,58.333333333333336,6.121002096606929,52.0,67.0,53.5,62.75,64.1,9.011720763045815,52.0,78.0,56.0,70.5,10.666666666666666,0.737111479583212,10.1,11.5,10.25,10.95,9.716666666666667,1.1686174167222851,8.3,11.5,9.0,10.325,7.7299999999999995,2.7821055176091205,3.2,11.5,5.2,9.825,1923.8999999999999,0.6849056602481309,0.36113851989668777,179.32999999999998,1727.1539999999998,480.558,145.2,212.0,-84.17,32.121,46.974,67.26749999999998,40.056904158261155
2025-08-12 13:00:00,4,182.15,0.02,3.03,90.56,3.69,49.13,133.52,0.95,34.6,26.5,63.0,0.0,,73.0,15.1,,995.3,,3.0,13,12,8,1,0,-0.2588190451025208,-0.9659258262890683,0.6513724827222223,-0.758758122692791,-0.8660254037844385,-0.5000000000000004,0.7818314824680298,0.6234898018587336,0,1,0,0,0,1,0,0,4.0,4.0,4.0,4.0,,47.58,46.46,47.05,57.87,,131.75,128.59,129.55,153.33,,170.14,170.88,171.14,189.99,,1.85,1.59,1.36,0.94,,93.69,94.4,96.14,105.64,,36.3,36.7,36.4,33.5,,53.0,52.0,55.0,67.0,,0.0,0.0,0.0,1.5500000000000043,2.0800000000000054,-8.739999999999995,1.7700000000000102,3.969999999999999,-19.810000000000002,4.0,0.0,4.0,4.0,4.0,4.0,4.0,0.0,4.0,4.0,4.0,4.0,4.0,0.0,4.0,4.0,4.0,4.0,47.72333333333333,1.3407584917997488,46.46,49.13,47.019999999999996,48.355000000000004,49.065,2.7879221653410595,46.46,54.03,47.1825,49.8875,53.708181818181814,6.0747178011522776,46.46,64.45,48.355000000000004,57.459999999999994,131.28666666666666,2.4974453614312675,128.59,133.52,130.17000000000002,132.635,134.41333333333333,6.510313868521699,128.59,146.28,130.10000000000002,135.9725,143.16454545454545,11.26816876305671,128.59,157.16,132.635,153.97500000000002,174.39,6.730534897019367,170.14,182.15,170.51,176.515,173.4033333333333,4.582054851991039,170.14,182.15,170.945,173.9275,228.37545454545455,103.86057783043923,170.14,517.65,171.225,235.665,2.1566666666666667,0.7674199198179129,1.59,3.03,1.7200000000000002,2.44,1.6466666666666665,0.7536223634332132,0.91,3.03,1.1949999999999998,1.7850000000000001,3.1145454545454543,4.020480975297268,0.91,14.76,1.25,2.74,92.88333333333334,2.043143003642431,90.56,94.4,92.125,94.045,95.87833333333333,3.9822728016381035,90.56,101.96,93.8675,97.925,89.09272727272727,21.80058306142709,28.47,105.64,91.46000000000001,100.24,35.86666666666667,1.1150485789118503,34.6,36.7,35.45,36.5,35.6,1.0119288512539282,34.3,36.7,34.775,36.375,33.800000000000004,2.3983327542274075,29.6,36.7,32.2,35.8,56.0,6.082762530298225,52.0,63.0,52.5,58.0,57.666666666666664,5.125101625008661,52.0,64.0,53.5,62.0,64.0,8.555699854482972,52.0,78.0,57.0,70.0,12.233333333333334,2.5794056162870844,10.1,15.1,10.8,13.3,10.850000000000001,2.284513077222365,9.0,15.1,9.275,11.225,8.4,3.450217384455652,3.2,15.1,5.4,10.25,2179.8,0.5492063491191737,0.3679598561737597,182.65,1699.8980000000001,741.863,138.4,252.0,-84.39000000000001,30.720999999999997,45.254,69.8575,38.25050987247889
2025-08-12 14:00:00,4,204.12,0.0,4.56,86.23,3.84,51.24,135.35,1.79,32.8,26.4,69.0,0.0,,69.0,20.9,,996.0,,2.0,14,12,8,1,0,-0.4999999999999997,-0.8660254037844388,0.6513724827222223,-0.758758122692791,-0.8660254037844385,-0.5000000000000004,0.7818314824680298,0.6234898018587336,0,1,0,0,0,1,0,0,4.0,4.0,4.0,4.0,,49.13,47.58,46.46,54.03,,133.52,131.75,128.59,146.28,,182.15,170.14,170.88,174.8,,3.03,1.85,1.59,0.91,,90.56,93.69,94.4,101.96,,34.6,36.3,36.7,34.3,,63.0,53.0,52.0,64.0,,0.0,0.0,0.0,2.1099999999999994,4.780000000000001,-2.789999999999999,1.829999999999984,6.759999999999991,-10.930000000000007,4.0,0.0,4.0,4.0,4.0,4.0,4.0,0.0,4.0,4.0,4.0,4.0,4.0,0.0,4.0,4.0,4.0,4.0,49.31666666666666,1.837126379249171,47.58,51.24,48.355000000000004,50.185,48.6,1.8785419878192717,46.46,51.24,47.1825,49.8875,53.5025,5.835675741817425,46.46,64.45,48.7425,57.254999999999995,133.54,1.8000833314046982,131.75,135.35,132.635,134.435,132.59166666666667,3.227063164343985,128.59,136.79,130.10000000000002,134.89249999999998,142.51333333333335,10.978054417239811,128.59,157.16,133.07750000000001,153.6525,185.47,17.231566962989636,170.14,204.12,176.14499999999998,193.135,178.29,13.440699386564246,170.14,204.12,170.945,179.44,226.35416666666666,99.27441128309981,170.14,517.65,171.26749999999998,230.2875,3.1466666666666665,1.3587616911487206,1.85,4.56,2.44,3.795,2.255,1.308751313275366,1.14,4.56,1.4175,2.735,3.235,3.8560212655015267,0.91,14.76,1.3050000000000002,3.4124999999999996,90.16000000000001,3.7460512543209616,86.23,93.69,88.39500000000001,92.125,93.25666666666666,4.339523783396809,86.23,98.52,91.3425,95.705,88.85416666666667,20.80246159312242,28.47,105.64,89.4775,99.38,34.56666666666666,1.750238079043336,32.8,36.3,33.7,35.45,35.35,1.4761436244485469,32.8,36.7,34.775,36.375,33.71666666666667,2.3048696801390447,29.6,36.7,32.45,35.55,61.666666666666664,8.082903768654765,53.0,69.0,58.0,66.0,58.5,6.565059024867922,52.0,69.0,53.5,62.0,64.41666666666667,8.284249385357,52.0,78.0,58.0,69.5,15.366666666666667,5.404936015655815,10.1,20.9,12.6,18.0,12.833333333333334,4.473775437666341,9.0,20.9,10.175,14.2,9.441666666666666,4.8828937644752735,3.2,20.9,5.6,10.675,2263.2,0.4753623187716866,0.37857406720512937,186.59,1680.672,1070.916,131.2,276.0,-84.10999999999999,29.022999999999996,41.482,74.6875,36.16466503116209
2025-08-12 15:00:00,4,223.76,0.0,5.48,83.75,3.89,53.34,138.06,2.5,31.6,26.4,74.0,0.0,,71.0,18.7,,997.1,,3.0,15,12,8,1,0,-0.7071067811865471,-0.7071067811865479,0.6513724827222223,-0.758758122692791,-0.8660254037844385,-0.5000000000000004,0.7818314824680298,0.6234898018587336,0,1,0,0,0,1,0,0,4.0,4.0,4.0,4.0,4.0,51.24,49.13,47.58,50.14,64.45,135.35,133.52,131.75,136.79,148.06,204.12,182.15,170.14,171.31,517.65,4.56,3.03,1.85,1.14,14.76,86.23,90.56,93.69,98.52,28.47,32.8,34.6,36.3,35.3,29.6,69.0,63.0,53.0,59.0,78.0,0.0,0.0,0.0,2.1000000000000014,5.760000000000005,3.200000000000003,2.710000000000008,6.310000000000002,1.2700000000000102,4.0,0.0,4.0,4.0,4.0,4.0,4.0,0.0,4.0,4.0,4.0,4.0,4.0,0.0,4.0,4.0,4.0,4.0,51.23666666666667,2.105001979413129,49.13,53.34,50.185,52.290000000000006,49.13333333333333,2.6845458958018695,46.46,53.34,47.1825,50.712500000000006,52.57666666666666,4.714569937647514,46.46,60.83,48.7425,56.4125,135.64333333333335,2.284170162955086,133.52,138.06,134.435,136.70499999999998,132.80333333333334,3.5798752306003396,128.59,138.06,130.10000000000002,134.89249999999998,141.68,10.897988972116064,128.59,157.16,133.07750000000001,153.6525,203.34333333333333,20.815869747222404,182.15,223.76,193.135,213.94,187.03166666666667,22.197126315508857,170.14,223.76,170.945,198.6275,201.86333333333332,38.57148295009787,170.14,292.74,171.26749999999998,224.04749999999999,4.3566666666666665,1.237591747440703,3.03,5.48,3.795,5.02,2.9783333333333335,1.707763644848626,1.36,5.48,1.655,4.1775,2.461666666666667,1.6123322087941896,0.91,5.48,1.3050000000000002,3.4124999999999996,86.84666666666665,3.4466263698481976,83.75,90.56,84.99000000000001,88.39500000000001,90.795,4.90861589452667,83.75,96.14,87.3125,94.2225,93.46083333333333,8.97124138398343,74.35,105.64,89.4775,99.38,33.0,1.5099668870541292,31.6,34.6,32.2,33.7,34.733333333333334,2.129475678815503,31.6,36.7,33.25,36.375,33.88333333333333,2.0368573535689496,30.7,36.7,32.45,35.55,68.66666666666667,5.507570547286108,63.0,74.0,66.0,71.5,61.0,9.143303560529954,52.0,74.0,53.5,67.5,64.08333333333333,7.751343969488988,52.0,74.0,58.0,69.5,18.233333333333334,2.928025500799704,15.1,20.9,16.9,19.799999999999997,14.450000000000001,4.563222545526352,10.1,20.9,10.675,17.8,10.583333333333334,5.33101275272316,3.2,20.9,7.675000000000001,12.4,2338.4,0.4270270269693207,0.38635375920713066,191.4,1685.544,997.458,126.4,296.0,-84.72,27.938,43.562000000000005,79.22,34.611770914059775
2025-08-12 16:00:00,4,234.18,0.0,5.73,82.1,3.81,54.53,139.61,2.94,31.1,26.6,77.0,0.0,,58.0,13.7,,998.0,,3.0,16,12,8,1,0,-0.8660254037844385,-0.5000000000000004,0.6513724827222223,-0.758758122692791,-0.8660254037844385,-0.5000000000000004,0.7818314824680298,0.6234898018587336,0,1,0,0,0,1,0,0,4.0,4.0,4.0,4.0,4.0,53.34,51.24,49.13,47.05,56.2,138.06,135.35,133.52,129.55,155.16,223.76,204.12,182.15,171.14,292.74,5.48,4.56,3.03,1.36,4.71,83.75,86.23,90.56,96.14,74.35,31.6,32.8,34.6,36.4,30.7,74.0,69.0,63.0,55.0,73.0,0.0,0.0,0.0,1.1899999999999977,5.399999999999999,7.480000000000004,1.5500000000000114,6.090000000000003,10.060000000000002,4.0,0.0,4.0,4.0,4.0,4.0,4.0,0.0,4.0,4.0,4.0,4.0,4.0,0.0,4.0,4.0,4.0,4.0,53.03666666666667,1.6658431298694436,51.24,54.53,52.290000000000006,53.935,50.379999999999995,3.209130723420287,46.46,54.53,47.9675,52.815000000000005,52.4375,4.621623337392097,46.46,60.83,48.7425,55.16,137.67333333333332,2.156161713168625,135.35,139.61,136.70499999999998,138.835,134.48,4.073249317191286,128.59,139.61,132.1925,137.3825,140.3841666666667,10.040156154465944,128.59,157.16,133.07750000000001,148.04250000000002,220.6866666666667,15.263843989419218,204.12,234.18,213.94,228.97,197.53833333333333,27.46503989923656,170.14,234.18,173.6975,218.85,196.98333333333335,28.389143037862834,170.14,246.42,171.26749999999998,224.04749999999999,5.256666666666667,0.6161439225808634,4.56,5.73,5.02,5.605,3.706666666666667,1.808432101757394,1.59,5.73,2.145,5.25,2.546666666666667,1.7616125532814493,0.91,5.73,1.3050000000000002,3.4124999999999996,84.02666666666666,2.078853850883446,82.1,86.23,82.925,84.99000000000001,88.455,5.189469144334495,82.1,94.4,84.37,92.9075,94.10666666666667,7.6524165325653,82.1,105.64,89.4775,99.38,31.833333333333332,0.8736894948053574,31.1,32.8,31.35,32.2,33.85,2.383904360497725,31.1,36.7,31.9,35.875,33.916666666666664,1.982575612834498,31.1,36.7,32.45,35.55,73.33333333333333,4.041451884327388,69.0,77.0,71.5,75.5,64.66666666666667,10.557777543908868,52.0,77.0,55.5,72.75,64.41666666666667,8.240237566448865,52.0,77.0,58.0,69.5,17.766666666666666,3.6896250938724595,13.7,20.9,16.2,19.799999999999997,15.0,4.158365063339198,10.1,20.9,12.05,17.8,11.458333333333334,4.848890844744024,5.0,20.9,8.825,14.049999999999999,2394.7000000000003,0.40389610384364993,0.3905880667294185,194.14000000000001,1695.883,747.0609999999999,124.4,308.0,-85.08000000000001,27.529,47.606,81.455,33.90970465075219
2025-08-12 17:00:00,4,237.74,0.0,5.49,82.52,3.75,55.5,141.8,3.1,30.2,26.8,82.0,0.0,,10.0,11.5,,998.6,,3.0,17,12,8,1,0,-0.9659258262890683,-0.25881904510252063,0.6513724827222223,-0.758758122692791,-0.8660254037844385,-0.5000000000000004,0.7818314824680298,0.6234898018587336,0,1,0,0,0,1,0,0,4.0,4.0,4.0,4.0,4.0,54.53,53.34,51.24,46.46,57.05,139.61,138.06,135.35,128.59,154.62,234.18,223.76,204.12,170.88,246.42,5.73,5.48,4.56,1.59,2.45,82.1,83.75,86.23,94.4,92.36,31.1,31.6,32.8,36.7,31.7,77.0,74.0,69.0,52.0,71.0,0.0,0.0,0.0,0.9699999999999989,4.259999999999998,9.04,2.1899999999999977,6.450000000000017,13.210000000000008,4.0,0.0,4.0,4.0,4.0,4.0,4.0,0.0,4.0,4.0,4.0,4.0,4.0,0.0,4.0,4.0,4.0,4.0,54.45666666666667,1.0818656724997147,53.34,55.5,53.935,55.015,51.88666666666668,3.1215487608984582,47.58,55.5,49.6575,54.2325,52.30833333333333,4.501080341698449,46.46,60.83,48.7425,54.7725,139.82333333333335,1.8791043966033776,138.06,141.8,138.835,140.705,136.68166666666664,3.814789203437854,131.75,141.8,133.97750000000002,139.22250000000003,139.31583333333336,9.017667969384346,128.59,157.16,133.07750000000001,142.92000000000002,231.89333333333335,7.265103807470976,223.76,237.74,228.97,235.96,208.6816666666667,28.04320268205214,170.14,237.74,187.6425,231.575,196.26,27.09616074783881,170.14,237.74,171.26749999999998,224.04749999999999,5.566666666666667,0.1415391583037446,5.48,5.73,5.485,5.61,4.3566666666666665,1.5822220661672832,1.85,5.73,3.4124999999999996,5.487500000000001,2.8000000000000003,1.9544773772499435,0.91,5.73,1.3050000000000002,4.79,82.79,0.8574963556771251,82.1,83.75,82.31,83.13499999999999,86.47500000000001,4.711936969018124,82.1,93.69,82.8275,89.4775,93.28666666666665,8.351839572359145,82.1,105.64,85.61,99.38,30.96666666666667,0.7094598884596808,30.2,31.6,30.65,31.35,32.766666666666666,2.3053560824017434,30.2,36.3,31.225,34.15,33.791666666666664,2.1731662419501037,30.2,36.7,32.425000000000004,35.55,77.66666666666667,4.041451884327388,74.0,82.0,75.5,79.5,69.66666666666667,10.462631918722284,53.0,82.0,64.5,76.25,65.33333333333333,9.547330263037681,52.0,82.0,58.0,70.25,14.633333333333333,3.6896250938724595,11.5,18.7,12.6,16.2,15.0,4.158365063339198,10.1,20.9,12.05,17.8,12.0,4.4045431091090474,5.8,20.9,9.0,14.049999999999999,2476.4,0.3682926828819155,0.39139633283558556,197.3,1676.1,638.25,120.8,328.0,-86.30000000000001,26.774000000000004,49.986,82.375,32.78253194949631
2025-08-12 18:00:00,4,236.39,0.0,5.03,83.79,3.76,56.09,144.07,3.02,29.4,26.6,85.0,0.0,,12.0,13.0,,998.8,,3.0,18,12,8,1,0,-1.0,-1.8369701987210297e-16,0.6513724827222223,-0.758758122692791,-0.8660254037844385,-0.5000000000000004,0.7818314824680298,0.6234898018587336,0,0,1,0,0,1,0,0,4.0,4.0,4.0,4.0,4.0,55.5,54.53,53.34,47.58,60.83,141.8,139.61,138.06,131.75,157.16,237.74,234.18,223.76,170.14,224.91,5.49,5.73,5.48,1.85,1.52,82.52,82.1,83.75,93.69,103.93,30.2,31.1,31.6,36.3,32.7,82.0,77.0,74.0,53.0,69.0,0.0,0.0,0.0,0.5900000000000034,2.75,8.510000000000005,2.269999999999982,6.009999999999991,12.319999999999993,4.0,0.0,4.0,4.0,4.0,4.0,4.0,0.0,4.0,4.0,4.0,4.0,4.0,0.0,4.0,4.0,4.0,4.0,55.373333333333335,0.7876759062795381,54.53,56.09,55.015,55.795,53.305,2.6747317622520654,49.13,56.09,51.765,55.2575,51.913333333333334,3.845503474149641,46.46,57.87,48.7425,54.7725,141.82666666666668,2.230119578258977,139.61,144.07,140.705,142.935,138.73499999999999,3.942896143699362,133.52,144.07,136.0275,141.2525,138.225,7.288911254277084,128.59,153.33,133.07750000000001,142.3675,236.10333333333335,1.7972293491173983,234.18,237.74,235.285,237.065,219.72333333333333,22.2840181894257,182.15,237.74,209.03,235.83749999999998,197.2166666666667,28.37225447937505,170.14,237.74,171.26749999999998,226.365,5.416666666666667,0.35571524191877535,5.03,5.73,5.26,5.61,4.886666666666667,1.000173318313715,3.03,5.73,4.6775,5.487500000000001,3.0925,2.0074322132787175,0.91,5.73,1.3050000000000002,5.1425,82.80333333333333,0.8799052979343235,82.1,83.79,82.31,83.155,84.825,3.156889291692005,82.1,90.56,82.8275,85.62,91.60833333333333,8.036224614867729,82.1,105.64,83.78,96.735,30.233333333333334,0.8504900548114606,29.4,31.1,29.799999999999997,30.65,31.61666666666667,1.870204979852929,29.4,34.6,30.425,32.5,33.516666666666666,2.5070204456987453,29.4,36.7,31.475,35.55,81.33333333333333,4.041451884327388,77.0,85.0,79.5,83.5,75.0,8.173126696680997,63.0,85.0,70.25,80.75,66.66666666666667,11.097365234663366,52.0,85.0,58.0,74.75,12.733333333333334,1.1239810200058342,11.5,13.7,12.25,13.35,15.483333333333334,3.6068915518305618,11.5,20.9,13.175,17.8,12.6,3.95014384087926,8.3,20.9,9.825,14.049999999999999,2499.0,0.3458823529004844,0.3893246338315177,200.16,1649.046,729.1700000000001,117.6,340.0,-87.97999999999999,26.035000000000004,49.17999999999999,82.24249999999999,31.82487695695155
2025-08-12 19:00:00,4,221.08,0.0,3.84,89.46,4.14,56.67,148.99,2.23,28.9,26.5,87.0,0.0,,327.0,12.2,,999.0,,3.0,19,12,8,1,0,-0.9659258262890684,0.2588190451025203,0.6513724827222223,-0.758758122692791,-0.8660254037844385,-0.5000000000000004,0.7818314824680298,0.6234898018587336,0,0,1,0,0,1,0,0,4.0,4.0,4.0,4.0,4.0,56.09,55.5,54.53,49.13,57.87,144.07,141.8,139.61,133.52,153.33,236.39,237.74,234.18,182.15,189.99,5.03,5.49,5.73,3.03,0.94,83.79,82.52,82.1,90.56,105.64,29.4,30.2,31.1,34.6,33.5,85.0,82.0,77.0,63.0,67.0,0.0,0.0,0.0,0.5799999999999983,2.1400000000000006,7.539999999999999,4.920000000000016,9.379999999999995,15.469999999999999,4.0,0.0,4.0,4.0,4.0,4.0,4.0,0.0,4.0,4.0,4.0,4.0,4.0,0.0,4.0,4.0,4.0,4.0,56.086666666666666,0.585007122463744,55.5,56.67,55.795,56.38,54.56166666666667,2.0093921137166615,51.24,56.67,53.6375,55.9425,51.81333333333333,3.6889375985587773,46.46,56.67,48.7425,54.7725,144.95333333333335,3.6754908969189417,141.8,148.99,142.935,146.53,141.31333333333333,4.812777437890298,135.35,148.99,138.4475,143.5025,137.86333333333334,6.540538389478522,128.59,148.99,133.07750000000001,142.3675,231.73666666666668,9.253595697529095,221.08,237.74,228.735,237.065,226.21166666666667,12.809228574221608,204.12,237.74,221.75,235.83749999999998,199.8075,29.06343848924583,170.14,237.74,171.26749999999998,226.365,4.786666666666666,0.8514888920786549,3.84,5.49,4.4350000000000005,5.26,5.0216666666666665,0.7128370547794692,3.84,5.73,4.6775,5.487500000000001,3.3341666666666665,1.8962233198618454,0.91,5.73,1.5325000000000002,5.1425,85.25666666666666,3.695163505629064,82.52,89.46,83.155,86.625,84.64166666666667,2.7648176552290558,82.1,89.46,82.8275,85.62,90.25999999999999,6.717017736520217,82.1,101.96,83.78,94.83500000000001,29.5,0.655743852430081,28.9,30.2,29.15,29.799999999999997,30.666666666666668,1.452813362640457,28.9,32.8,29.599999999999998,31.475,33.13333333333333,2.8394408327035547,28.9,36.7,30.875,35.55,84.66666666666667,2.5166114784235964,82.0,87.0,83.5,86.0,79.0,6.899275324264109,69.0,87.0,74.75,84.25,68.33333333333333,12.557745406599452,52.0,87.0,58.0,78.25,12.233333333333334,0.7505553499465285,11.5,13.0,11.85,12.6,14.999999999999998,3.854348193923326,11.5,20.9,12.399999999999999,17.45,12.924999999999999,3.7178011585539967,9.0,20.9,10.325,14.049999999999999,2514.2999999999997,0.33218390800779496,0.38036109803474316,205.66000000000003,1637.763,691.374,115.6,348.0,-92.32000000000001,25.579,49.93599999999999,79.63,31.213929081232493
2025-08-12 20:00:00,4,217.93,0.0,3.41,91.49,4.19,57.29,152.56,2.01,28.3,26.5,90.0,0.0,,328.0,10.8,,999.0,,3.0,20,12,8,1,0,-0.8660254037844386,0.5000000000000001,0.6513724827222223,-0.758758122692791,-0.8660254037844385,-0.5000000000000004,0.7818314824680298,0.6234898018587336,0,0,1,0,0,1,0,0,4.0,4.0,4.0,4.0,4.0,56.67,56.09,55.5,51.24,54.03,148.99,144.07,141.8,135.35,146.28,221.08,236.39,237.74,204.12,174.8,3.84,5.03,5.49,4.56,0.91,89.46,83.79,82.52,86.23,101.96,28.9,29.4,30.2,32.8,34.3,87.0,85.0,82.0,69.0,64.0,0.0,0.0,0.0,0.6199999999999974,1.7899999999999991,6.049999999999997,3.569999999999993,10.759999999999991,17.210000000000008,4.0,0.0,4.0,4.0,4.0,4.0,4.0,0.0,4.0,4.0,4.0,4.0,4.0,0.0,4.0,4.0,4.0,4.0,56.68333333333334,0.6001111008249426,56.09,57.29,56.38,56.980000000000004,55.56999999999999,1.4490134574944598,53.34,57.29,54.7725,56.525000000000006,52.08500000000001,3.9758989835347576,46.46,57.29,48.7425,55.6475,148.54,4.2628511585558,144.07,152.56,146.53,150.775,144.18166666666664,5.6102813357857295,138.06,152.56,140.15750000000003,147.76,138.38666666666666,7.461600283309113,128.59,152.56,133.07750000000001,142.3675,225.13333333333333,9.874970042148437,217.93,236.39,219.505,228.735,228.51333333333332,8.592321378222255,217.93,237.74,221.75,235.83749999999998,203.40166666666667,28.347761762962726,170.14,237.74,171.26749999999998,226.365,4.093333333333334,0.8391861136442486,3.41,5.03,3.625,4.4350000000000005,4.83,0.9700103092235675,3.41,5.73,4.1375,5.487500000000001,3.5425000000000004,1.736261003630293,1.14,5.73,1.7850000000000001,5.1425,88.24666666666667,3.9908186294710064,83.79,91.49,86.625,90.475,85.51833333333333,3.949346359420291,82.1,91.49,82.8275,88.04249999999999,89.38749999999999,5.65516196215296,82.1,98.52,83.78,93.8675,28.866666666666664,0.5507570547284506,28.3,29.4,28.6,29.15,29.916666666666668,1.282835401236907,28.3,31.6,29.025,30.875,32.63333333333333,3.1288491446052453,28.3,36.7,30.0,35.55,87.33333333333333,2.5166114784235964,85.0,90.0,86.0,88.5,82.5,6.090976933136393,74.0,90.0,78.25,86.5,70.5,13.912061477202236,52.0,90.0,58.0,82.75,12.0,1.1135528725660133,10.8,13.0,11.5,12.6,13.316666666666668,2.8322546966448243,10.8,18.7,11.675,13.524999999999999,13.075000000000001,3.578756767370477,9.0,20.9,10.700000000000001,14.049999999999999,2547.0,0.3144444444095062,0.37552438382436254,209.85,1621.307,618.7320000000001,113.2,360.0,-95.27000000000001,25.06,51.35999999999999,79.255,30.490337888924657
2025-08-12 21:00:00,4,218.24,0.0,3.28,90.78,4.0,57.1,154.08,2.04,27.9,26.3,91.0,0.0,,335.0,9.4,,998.9,,3.0,21,12,8,1,0,-0.7071067811865477,0.7071067811865474,0.6513724827222223,-0.758758122692791,-0.8660254037844385,-0.5000000000000004,0.7818314824680298,0.6234898018587336,0,0,1,0,0,1,0,0,4.0,4.0,4.0,4.0,4.0,57.29,56.67,56.09,53.34,50.14,152.56,148.99,144.07,138.06,136.79,217.93,221.08,236.39,223.76,171.31,3.41,3.84,5.03,5.48,1.14,91.49,89.46,83.79,83.75,98.52,28.3,28.9,29.4,31.6,35.3,90.0,87.0,85.0,74.0,59.0,0.0,0.0,0.0,-0.18999999999999773,1.009999999999998,3.759999999999998,1.5200000000000102,10.01000000000002,16.02000000000001,4.0,0.0,4.0,4.0,4.0,4.0,4.0,0.0,4.0,4.0,4.0,4.0,4.0,0.0,4.0,4.0,4.0,4.0,57.02,0.31764760348537946,56.67,57.29,56.885000000000005,57.195,56.196666666666665,1.0497555270951044,54.53,57.29,55.6475,56.9925,52.665,4.169324122248548,46.46,57.29,48.7425,56.235,151.87666666666667,2.6128974976706663,148.99,154.08,150.775,153.32,146.85166666666666,5.91785574905857,139.61,154.08,142.3675,151.66750000000002,139.82750000000001,8.692994175039608,128.59,154.08,133.07750000000001,145.3,219.08333333333334,1.7360971554984492,217.93,221.08,218.085,219.66000000000003,227.59333333333333,9.455249688223747,217.93,237.74,218.95000000000002,235.83749999999998,207.3125,26.707706114698176,170.14,237.74,179.3975,226.365,3.51,0.29308701779506763,3.28,3.84,3.3449999999999998,3.625,4.463333333333334,1.0842447448185613,3.28,5.73,3.5175,5.375,3.720833333333333,1.568899199110541,1.36,5.73,2.735,5.1425,90.57666666666667,1.0301617995892105,89.46,91.49,90.12,91.13499999999999,86.69,4.342994358734499,82.1,91.49,82.8375,90.45,88.74249999999999,4.911337764434811,82.1,96.14,83.78,92.03999999999999,28.366666666666664,0.5033222956845298,27.9,28.9,28.1,28.6,29.3,1.1983321743156088,27.9,31.1,28.45,30.0,32.016666666666666,3.281029032963822,27.9,36.7,29.275,35.025,89.33333333333333,2.081665999466152,87.0,91.0,88.5,90.5,85.33333333333333,5.2408650685422415,77.0,91.0,82.75,89.25,73.16666666666667,14.559179131039528,52.0,91.0,61.0,85.5,10.799999999999999,1.4000000000000037,9.4,12.2,10.100000000000001,11.5,11.766666666666666,1.552632173654359,9.4,13.7,10.975000000000001,12.8,13.108333333333334,3.5389927517543294,9.4,20.9,10.700000000000001,14.049999999999999,2538.9,0.306593406559715,0.37058670817947903,211.18,1593.09,536.74,111.6,364.0,-96.98000000000002,24.667000000000005,52.288,79.075,30.0195411891967
